USE [QUANLYGARA]
GO
/****** Object:  Table [dbo].[CHITIETHD]    Script Date: 5/31/2018 7:38:50 PM ******/
SET ANSI_NULLS ON
GO
SET QUOTED_IDENTIFIER ON
GO
CREATE TABLE [dbo].[CHITIETHD](
	[MAHD] [char](5) NOT NULL,
	[MAPT] [char](5) NOT NULL,
	[SOLUONG] [int] NULL,
 CONSTRAINT [PK_CHITIETHD] PRIMARY KEY CLUSTERED 
(
	[MAHD] ASC,
	[MAPT] ASC
)WITH (PAD_INDEX = OFF, STATISTICS_NORECOMPUTE = OFF, IGNORE_DUP_KEY = OFF, ALLOW_ROW_LOCKS = ON, ALLOW_PAGE_LOCKS = ON) ON [PRIMARY]
) ON [PRIMARY]
GO
/****** Object:  Table [dbo].[HIEUXE]    Script Date: 5/31/2018 7:38:51 PM ******/
SET ANSI_NULLS ON
GO
SET QUOTED_IDENTIFIER ON
GO
CREATE TABLE [dbo].[HIEUXE](
	[MAHX] [char](5) NOT NULL,
	[TENHX] [nvarchar](30) NOT NULL,
 CONSTRAINT [HIEUXE_PK] PRIMARY KEY CLUSTERED 
(
	[MAHX] ASC
)WITH (PAD_INDEX = OFF, STATISTICS_NORECOMPUTE = OFF, IGNORE_DUP_KEY = OFF, ALLOW_ROW_LOCKS = ON, ALLOW_PAGE_LOCKS = ON) ON [PRIMARY]
) ON [PRIMARY]
GO
/****** Object:  Table [dbo].[HOADON]    Script Date: 5/31/2018 7:38:51 PM ******/
SET ANSI_NULLS ON
GO
SET QUOTED_IDENTIFIER ON
GO
CREATE TABLE [dbo].[HOADON](
	[MAHD] [char](5) NOT NULL,
	[MANV] [varchar](10) NOT NULL,
	[MAKH] [char](5) NOT NULL,
	[MATTXE] [char](5) NOT NULL,
	[NGAYLAP] [smalldatetime] NOT NULL,
	[TONGTIEN] [money] NOT NULL,
 CONSTRAINT [PK_HOADON1] PRIMARY KEY CLUSTERED 
(
	[MAHD] ASC
)WITH (PAD_INDEX = OFF, STATISTICS_NORECOMPUTE = OFF, IGNORE_DUP_KEY = OFF, ALLOW_ROW_LOCKS = ON, ALLOW_PAGE_LOCKS = ON) ON [PRIMARY]
) ON [PRIMARY]
GO
/****** Object:  Table [dbo].[KHACHHANG]    Script Date: 5/31/2018 7:38:51 PM ******/
SET ANSI_NULLS ON
GO
SET QUOTED_IDENTIFIER ON
GO
CREATE TABLE [dbo].[KHACHHANG](
	[MAKH] [char](5) NOT NULL,
	[TENKH] [nvarchar](50) NOT NULL,
	[DIACHI] [nvarchar](500) NOT NULL,
	[DIENTHOAI] [varchar](11) NOT NULL,
 CONSTRAINT [KHACHHANG_PK] PRIMARY KEY CLUSTERED 
(
	[MAKH] ASC
)WITH (PAD_INDEX = OFF, STATISTICS_NORECOMPUTE = OFF, IGNORE_DUP_KEY = OFF, ALLOW_ROW_LOCKS = ON, ALLOW_PAGE_LOCKS = ON) ON [PRIMARY]
) ON [PRIMARY]
GO
/****** Object:  Table [dbo].[NHANVIEN]    Script Date: 5/31/2018 7:38:51 PM ******/
SET ANSI_NULLS ON
GO
SET QUOTED_IDENTIFIER ON
GO
CREATE TABLE [dbo].[NHANVIEN](
	[MANV] [varchar](10) NOT NULL,
	[Id] [int] NOT NULL,
	[HOTEN] [nvarchar](50) NOT NULL,
	[DIENTHOAI] [varchar](11) NULL,
	[DIACHI] [nvarchar](500) NULL,
	[EMAIL] [nvarchar](50) NULL,
	[CHUCVU] [nvarchar](50) NULL,
	[MUCLUONG] [money] NULL,
	[NGAYVL] [smalldatetime] NULL,
 CONSTRAINT [PK_NHANVIEN_1] PRIMARY KEY CLUSTERED 
(
	[MANV] ASC
)WITH (PAD_INDEX = OFF, STATISTICS_NORECOMPUTE = OFF, IGNORE_DUP_KEY = OFF, ALLOW_ROW_LOCKS = ON, ALLOW_PAGE_LOCKS = ON) ON [PRIMARY]
) ON [PRIMARY]
GO
/****** Object:  Table [dbo].[PHIEUSUACHUA]    Script Date: 5/31/2018 7:38:51 PM ******/
SET ANSI_NULLS ON
GO
SET QUOTED_IDENTIFIER ON
GO
CREATE TABLE [dbo].[PHIEUSUACHUA](
	[MAPSC] [char](5) NOT NULL,
	[MAPHIEUTN] [char](5) NOT NULL,
	[NGAYSC] [smalldatetime] NOT NULL,
 CONSTRAINT [PHIEUSUACHUA_PK] PRIMARY KEY CLUSTERED 
(
	[MAPSC] ASC
)WITH (PAD_INDEX = OFF, STATISTICS_NORECOMPUTE = OFF, IGNORE_DUP_KEY = OFF, ALLOW_ROW_LOCKS = ON, ALLOW_PAGE_LOCKS = ON) ON [PRIMARY]
) ON [PRIMARY]
GO
/****** Object:  Table [dbo].[PHIEUTIEPNHAN]    Script Date: 5/31/2018 7:38:51 PM ******/
SET ANSI_NULLS ON
GO
SET QUOTED_IDENTIFIER ON
GO
CREATE TABLE [dbo].[PHIEUTIEPNHAN](
	[MAPHIEUTN] [char](5) NOT NULL,
	[MATTXE] [char](5) NOT NULL,
	[MANV] [varchar](10) NOT NULL,
	[NGAYTN] [smalldatetime] NOT NULL,
 CONSTRAINT [PK_PHIEUTIEPNHAN1] PRIMARY KEY CLUSTERED 
(
	[MAPHIEUTN] ASC
)WITH (PAD_INDEX = OFF, STATISTICS_NORECOMPUTE = OFF, IGNORE_DUP_KEY = OFF, ALLOW_ROW_LOCKS = ON, ALLOW_PAGE_LOCKS = ON) ON [PRIMARY]
) ON [PRIMARY]
GO
/****** Object:  Table [dbo].[PHUTUNG]    Script Date: 5/31/2018 7:38:51 PM ******/
SET ANSI_NULLS ON
GO
SET QUOTED_IDENTIFIER ON
GO
CREATE TABLE [dbo].[PHUTUNG](
	[MAPT] [char](5) NOT NULL,
	[TENPT] [nvarchar](30) NOT NULL,
	[DONGIA] [money] NOT NULL,
	[SOLUONG] [int] NOT NULL,
 CONSTRAINT [PHUTUNG_PK] PRIMARY KEY CLUSTERED 
(
	[MAPT] ASC
)WITH (PAD_INDEX = OFF, STATISTICS_NORECOMPUTE = OFF, IGNORE_DUP_KEY = OFF, ALLOW_ROW_LOCKS = ON, ALLOW_PAGE_LOCKS = ON) ON [PRIMARY]
) ON [PRIMARY]
GO
/****** Object:  Table [dbo].[TTPHIEUSUACHUA]    Script Date: 5/31/2018 7:38:51 PM ******/
SET ANSI_NULLS ON
GO
SET QUOTED_IDENTIFIER ON
GO
CREATE TABLE [dbo].[TTPHIEUSUACHUA](
	[MAPSC] [char](5) NOT NULL,
	[MAPT] [char](5) NOT NULL,
	[NOIDUNG] [nvarchar](1000) NULL,
	[SOLUONG] [int] NOT NULL,
	[TIENCONG] [money] NOT NULL,
 CONSTRAINT [PK_TTPHIEUSUACHUA1] PRIMARY KEY CLUSTERED 
(
	[MAPSC] ASC,
	[MAPT] ASC
)WITH (PAD_INDEX = OFF, STATISTICS_NORECOMPUTE = OFF, IGNORE_DUP_KEY = OFF, ALLOW_ROW_LOCKS = ON, ALLOW_PAGE_LOCKS = ON) ON [PRIMARY]
) ON [PRIMARY]
GO
/****** Object:  Table [dbo].[TTXE]    Script Date: 5/31/2018 7:38:51 PM ******/
SET ANSI_NULLS ON
GO
SET QUOTED_IDENTIFIER ON
GO
CREATE TABLE [dbo].[TTXE](
	[MATTXE] [char](5) NOT NULL,
	[MAKH] [char](5) NOT NULL,
	[MAHX] [char](5) NOT NULL,
	[BIENSO] [char](9) NOT NULL,
	[TENXE] [nchar](20) NULL,
 CONSTRAINT [TTXE_PK] PRIMARY KEY CLUSTERED 
(
	[MATTXE] ASC
)WITH (PAD_INDEX = OFF, STATISTICS_NORECOMPUTE = OFF, IGNORE_DUP_KEY = OFF, ALLOW_ROW_LOCKS = ON, ALLOW_PAGE_LOCKS = ON) ON [PRIMARY]
) ON [PRIMARY]
GO
/****** Object:  Table [dbo].[Users]    Script Date: 5/31/2018 7:38:51 PM ******/
SET ANSI_NULLS ON
GO
SET QUOTED_IDENTIFIER ON
GO
CREATE TABLE [dbo].[Users](
	[Id] [int] IDENTITY(1,1) NOT NULL,
	[FirstName] [nvarchar](50) NOT NULL,
	[LastName] [nvarchar](50) NOT NULL,
	[Username] [nvarchar](50) NOT NULL,
	[PasswordHash] [varbinary](500) NOT NULL,
	[PasswordSalt] [varbinary](500) NOT NULL,
	[Permission] [nvarchar](10) NOT NULL,
 CONSTRAINT [PK_User] PRIMARY KEY CLUSTERED 
(
	[Id] ASC
)WITH (PAD_INDEX = OFF, STATISTICS_NORECOMPUTE = OFF, IGNORE_DUP_KEY = OFF, ALLOW_ROW_LOCKS = ON, ALLOW_PAGE_LOCKS = ON) ON [PRIMARY]
) ON [PRIMARY]
GO
INSERT [dbo].[HIEUXE] ([MAHX], [TENHX]) VALUES (N'HX001', N'Mercedes')
INSERT [dbo].[HIEUXE] ([MAHX], [TENHX]) VALUES (N'HX002', N'Nissan')
INSERT [dbo].[HIEUXE] ([MAHX], [TENHX]) VALUES (N'HX003', N'Rolls Royce')
INSERT [dbo].[HIEUXE] ([MAHX], [TENHX]) VALUES (N'HX004', N'Ford')
INSERT [dbo].[HIEUXE] ([MAHX], [TENHX]) VALUES (N'HX005', N'Audi')
INSERT [dbo].[HIEUXE] ([MAHX], [TENHX]) VALUES (N'HX006', N'BMW')
INSERT [dbo].[HIEUXE] ([MAHX], [TENHX]) VALUES (N'HX007', N'Honda')
INSERT [dbo].[HIEUXE] ([MAHX], [TENHX]) VALUES (N'HX008', N'Toyota')
INSERT [dbo].[KHACHHANG] ([MAKH], [TENKH], [DIACHI], [DIENTHOAI]) VALUES (N'KH001', N'Nguyễn Văn A', N'Thủ Đức, TP Hồ Chí Minh', N'0123456456')
INSERT [dbo].[KHACHHANG] ([MAKH], [TENKH], [DIACHI], [DIENTHOAI]) VALUES (N'KH002', N'Võ Văn B', N'Quận 2 , TP Hồ Chí Minh', N'0168587896')
INSERT [dbo].[KHACHHANG] ([MAKH], [TENKH], [DIACHI], [DIENTHOAI]) VALUES (N'KH003', N'Lương Văn C', N'Quận 3, TP Hồ Chí Minh', N'0582658745')
INSERT [dbo].[KHACHHANG] ([MAKH], [TENKH], [DIACHI], [DIENTHOAI]) VALUES (N'KH004', N'Nguyễn Thị Thanh Diên', N'Bình Chánh , TP Hồ Chí Minh', N'0162222333')
INSERT [dbo].[KHACHHANG] ([MAKH], [TENKH], [DIACHI], [DIENTHOAI]) VALUES (N'KH005', N'Trịnh Ngọc E', N'Bình Thạnh, TP Hồ Chí Minh', N'0167451789')
INSERT [dbo].[NHANVIEN] ([MANV], [Id], [HOTEN], [DIENTHOAI], [DIACHI], [EMAIL], [CHUCVU], [MUCLUONG], [NGAYVL]) VALUES (N'NV1017', 1017, N'admin admin', NULL, NULL, NULL, NULL, NULL, NULL)
INSERT [dbo].[NHANVIEN] ([MANV], [Id], [HOTEN], [DIENTHOAI], [DIACHI], [EMAIL], [CHUCVU], [MUCLUONG], [NGAYVL]) VALUES (N'NV17', 17, N'Viet Nguyen', NULL, N'sdfghj', NULL, NULL, NULL, NULL)
INSERT [dbo].[PHUTUNG] ([MAPT], [TENPT], [DONGIA], [SOLUONG]) VALUES (N'PT001', N'Ổ khóa khởi động', 1100000.0000, 5)
INSERT [dbo].[PHUTUNG] ([MAPT], [TENPT], [DONGIA], [SOLUONG]) VALUES (N'PT002', N'Dây đai điều hòa', 420000.0000, 6)
INSERT [dbo].[PHUTUNG] ([MAPT], [TENPT], [DONGIA], [SOLUONG]) VALUES (N'PT003', N'Rơ le đèn pha cos', 1020000.0000, 2)
INSERT [dbo].[PHUTUNG] ([MAPT], [TENPT], [DONGIA], [SOLUONG]) VALUES (N'PT004', N'Vỏ đèn ', 1500000.0000, 6)
INSERT [dbo].[PHUTUNG] ([MAPT], [TENPT], [DONGIA], [SOLUONG]) VALUES (N'PT005', N'Gương', 5000000.0000, 8)
INSERT [dbo].[PHUTUNG] ([MAPT], [TENPT], [DONGIA], [SOLUONG]) VALUES (N'PT006', N'Loa cảnh báo', 1120000.0000, 60)
INSERT [dbo].[PHUTUNG] ([MAPT], [TENPT], [DONGIA], [SOLUONG]) VALUES (N'PT007', N'Còi điện High', 3000000.0000, 2)
INSERT [dbo].[PHUTUNG] ([MAPT], [TENPT], [DONGIA], [SOLUONG]) VALUES (N'PT008', N'Đèn pha', 1000000.0000, 101)
INSERT [dbo].[TTXE] ([MATTXE], [MAKH], [MAHX], [BIENSO], [TENXE]) VALUES (N'TT001', N'KH001', N'HX002', N'54K-47542', NULL)
INSERT [dbo].[TTXE] ([MATTXE], [MAKH], [MAHX], [BIENSO], [TENXE]) VALUES (N'TT002', N'KH003', N'HX001', N'52M-23562', NULL)
INSERT [dbo].[TTXE] ([MATTXE], [MAKH], [MAHX], [BIENSO], [TENXE]) VALUES (N'TT003', N'KH002', N'HX004', N'72Q-47252', NULL)
INSERT [dbo].[TTXE] ([MATTXE], [MAKH], [MAHX], [BIENSO], [TENXE]) VALUES (N'TT004', N'KH005', N'HX004', N'72Q-41253', NULL)
INSERT [dbo].[TTXE] ([MATTXE], [MAKH], [MAHX], [BIENSO], [TENXE]) VALUES (N'TT005', N'KH004', N'HX002', N'56Q-65852', NULL)
SET IDENTITY_INSERT [dbo].[Users] ON 

INSERT [dbo].[Users] ([Id], [FirstName], [LastName], [Username], [PasswordHash], [PasswordSalt], [Permission]) VALUES (17, N'admin', N'admin', N'admin', 0x7B2D3C1A043066F940493743B63541CDE6328341D63BF93CCC19CF8EAB3B85DC9762953C2DAF45CB8C8C346D91D21F3C190398131F10C7C0B372B244A5EFD751, 0x9FCD040416C4C903AA12FFDB5129AA7DD7BB693FA25C077E52381663880EA45E4224A4E5E1574F347A94AA3A93759AC66631C881EB45FE25624A2F8E2595C5C088FD94A1A239A9C7F8D3F3D9CADDCECB5C89D2306B98C59291CA033F4791368B8FB5C1E36B3C805F5F09CB1752551F8EB9127F3FC069CC08BB3046DDC48676AD, N'admin')
INSERT [dbo].[Users] ([Id], [FirstName], [LastName], [Username], [PasswordHash], [PasswordSalt], [Permission]) VALUES (1017, N'Viet', N'Nguyen', N'vietnguyen', 0x44D139004F7F1C9FB68F687D2F7CA076C35A342D8FCEA0FB456663EE49EDE21918D79627D312D38652E59903C225065CDF0EC52D586995415C616DC5F9770E5D, 0xAA5C7F46F82A5D53F4B8E4CFF195D1BAEDB76E02DD50340205604821620D31A0D73AD27BE1B353CB06BD2531E0348754EB28B44944B9803B387D15E7970078D0271904E530FB94C899EE531752ADDE953920642663155AD9A4A8333781E8C51B1DBE4238F3216AD4ED9751352B11712351C5724E534B071F68028EDD314662EC, N'nhanvien')
SET IDENTITY_INSERT [dbo].[Users] OFF
ALTER TABLE [dbo].[Users] ADD  CONSTRAINT [DF_Users_Permission]  DEFAULT (N'nhanvien') FOR [Permission]
GO
ALTER TABLE [dbo].[CHITIETHD]  WITH CHECK ADD  CONSTRAINT [FK_CHITIETHD_HOADON] FOREIGN KEY([MAHD])
REFERENCES [dbo].[HOADON] ([MAHD])
GO
ALTER TABLE [dbo].[CHITIETHD] CHECK CONSTRAINT [FK_CHITIETHD_HOADON]
GO
ALTER TABLE [dbo].[CHITIETHD]  WITH CHECK ADD  CONSTRAINT [FK_CHITIETHD_PHUTUNG] FOREIGN KEY([MAPT])
REFERENCES [dbo].[PHUTUNG] ([MAPT])
GO
ALTER TABLE [dbo].[CHITIETHD] CHECK CONSTRAINT [FK_CHITIETHD_PHUTUNG]
GO
ALTER TABLE [dbo].[HOADON]  WITH CHECK ADD  CONSTRAINT [FK_HOADON_NHANVIEN] FOREIGN KEY([MANV])
REFERENCES [dbo].[NHANVIEN] ([MANV])
GO
ALTER TABLE [dbo].[HOADON] CHECK CONSTRAINT [FK_HOADON_NHANVIEN]
GO
ALTER TABLE [dbo].[HOADON]  WITH CHECK ADD  CONSTRAINT [FK_HOADON_TTXE] FOREIGN KEY([MATTXE])
REFERENCES [dbo].[TTXE] ([MATTXE])
GO
ALTER TABLE [dbo].[HOADON] CHECK CONSTRAINT [FK_HOADON_TTXE]
GO
ALTER TABLE [dbo].[NHANVIEN]  WITH CHECK ADD  CONSTRAINT [FK_NHANVIEN_Users] FOREIGN KEY([Id])
REFERENCES [dbo].[Users] ([Id])
GO
ALTER TABLE [dbo].[NHANVIEN] CHECK CONSTRAINT [FK_NHANVIEN_Users]
GO
ALTER TABLE [dbo].[PHIEUSUACHUA]  WITH CHECK ADD  CONSTRAINT [FK_PHIEUSUACHUA_PHIEUTIEPNHAN] FOREIGN KEY([MAPHIEUTN])
REFERENCES [dbo].[PHIEUTIEPNHAN] ([MAPHIEUTN])
GO
ALTER TABLE [dbo].[PHIEUSUACHUA] CHECK CONSTRAINT [FK_PHIEUSUACHUA_PHIEUTIEPNHAN]
GO
ALTER TABLE [dbo].[TTPHIEUSUACHUA]  WITH CHECK ADD  CONSTRAINT [FK_TTPHIEUSUACHUA_PHIEUSUACHUA] FOREIGN KEY([MAPSC])
REFERENCES [dbo].[PHIEUSUACHUA] ([MAPSC])
GO
ALTER TABLE [dbo].[TTPHIEUSUACHUA] CHECK CONSTRAINT [FK_TTPHIEUSUACHUA_PHIEUSUACHUA]
GO
ALTER TABLE [dbo].[TTPHIEUSUACHUA]  WITH CHECK ADD  CONSTRAINT [FK_TTPHIEUSUACHUA_PHUTUNG] FOREIGN KEY([MAPT])
REFERENCES [dbo].[PHUTUNG] ([MAPT])
GO
ALTER TABLE [dbo].[TTPHIEUSUACHUA] CHECK CONSTRAINT [FK_TTPHIEUSUACHUA_PHUTUNG]
GO
ALTER TABLE [dbo].[TTXE]  WITH CHECK ADD  CONSTRAINT [FK_TTXE_KHACHHANG] FOREIGN KEY([MAKH])
REFERENCES [dbo].[KHACHHANG] ([MAKH])
GO
ALTER TABLE [dbo].[TTXE] CHECK CONSTRAINT [FK_TTXE_KHACHHANG]
GO
ALTER TABLE [dbo].[TTXE]  WITH NOCHECK ADD  CONSTRAINT [FK_TTXE_MAHX_HIEUXE] FOREIGN KEY([MAHX])
REFERENCES [dbo].[HIEUXE] ([MAHX])
GO
ALTER TABLE [dbo].[TTXE] CHECK CONSTRAINT [FK_TTXE_MAHX_HIEUXE]
GO
ALTER TABLE [dbo].[TTXE]  WITH NOCHECK ADD  CONSTRAINT [FK_TTXE_MAKH_KHACHHANG] FOREIGN KEY([MAKH])
REFERENCES [dbo].[KHACHHANG] ([MAKH])
GO
ALTER TABLE [dbo].[TTXE] CHECK CONSTRAINT [FK_TTXE_MAKH_KHACHHANG]
GO
